# H1+ZEUS combined NC ins836107 — Aaron et al., JHEP 01 (2010) 109.
# Fractions are symmetric averages of +/- %% columns on each sigma_r CSV row.
# HEPData ins836107 record text: first sys = uncorrelated experimental; second = correlated experimental;
# sys_3..sys_5 = three correlated combination sources; plus 0.5%% overall normalisation row.
# z_Q2_over_s_x = Q^2/(E_cm^2 * x); equals quoted y for standard DIS kinematics at fixed E_cm.
# sigma_rel_total_quadrature matches sqrt(sum of squared listed components) when none are missing.
Q2_GeV2,x,y_Bjorken,Ecm_GeV,F2,z_Q2_over_s_x,sigma_rel_stat,sigma_rel_sys_uncorrelated_experimental,sigma_rel_sys_correlated_experimental,sigma_rel_sys_combination_1,sigma_rel_sys_combination_2,sigma_rel_sys_combination_3,sigma_rel_sys_overall_normalisation,sigma_rel_total_quadrature_listed_sigma_r,sigma_rel_total_quadrature_rebuilt
0.5,1.58e-05,0.313,319.0,0.433,0.31097934985164416,0.0353,0.0148,0.0233,0.012199999999999999,0.0017000000000000001,0.0014000000000000002,0.005,0.04676227111678816,0.04676227111678816
0.5,2.12e-05,0.233,319.0,0.394,0.23176762866301784,0.0206,0.008,0.0195,0.011200000000000002,0.0025,0.0005,0.005,0.032024209592119525,0.032024209592119525
0.5,2.76e-05,0.179,319.0,0.38,0.17802441042231804,0.0171,0.0076,0.0194,0.013500000000000002,0.003,0.0039000000000000003,0.005,0.03095141353799532,0.03095141353799532
0.5,3.98e-05,0.124,319.0,0.368,0.12345411376020046,0.0148,0.008100000000000001,0.025699999999999997,0.0232,0.0052,0.020499999999999997,0.005,0.04422295783866113,0.04422295783866113
0.5,0.0001,0.049,319.0,0.349,0.04913473727655978,0.0174,0.014499999999999999,0.015,0.0069,0.0032,0.001,0.005,0.028668100739323486,0.028668100739323486
0.5,0.000251,0.02,319.0,0.308,0.019575592540462067,0.0187,0.0143,0.0155,0.0040999999999999995,0.0024,0.0036,0.005,0.029239699040858817,0.029239699040858817
0.5,0.000368,0.013,319.0,0.301,0.013351830781673854,0.0202,0.015,0.0161,0.008,0.0023,0.0016,0.005,0.031449960254346904,0.031449960254346904
0.5,0.0008,0.006,319.0,0.288,0.0061418421595699725,0.0204,0.0138,0.0146,0.0091,0.0018,0.0049,0.005,0.03090016181187406,0.03090016181187406
0.5,0.0032,0.002,301.0,0.183,0.0017245946512731646,0.11349999999999999,0.0639,0.0123,0.0025,0.0032,0.0055000000000000005,0.005,0.13110488167875367,0.13110488167875367
0.65,1.58e-05,0.407,319.0,0.472,0.40427315480713744,0.030899999999999997,0.054400000000000004,0.0151,0.0013,0.0001,0.0055000000000000005,0.005,0.0648006944407234,0.0648006944407234
0.65,1.64e-05,0.439,301.0,0.52,0.4374581554449004,0.0302,0.0728,0.023700000000000002,0.0042,0.0105,0.0038,0.005,0.08331206395234726,0.08331206395234726
0.65,3.98e-05,0.161,319.0,0.476,0.1604903478882606,0.0273,0.0068000000000000005,0.0231,0.0143,0.0014000000000000002,0.0014000000000000002,0.005,0.039478475147857475,0.039478475147857475
0.65,5.98e-05,0.107,319.0,0.42,0.10681464625339084,0.0199,0.0074,0.031400000000000004,0.0269,0.0023,0.021099999999999997,0.005,0.05134043240955417,0.05134043240955417
0.65,0.0001,0.064,319.0,0.411,0.06387515845952772,0.0208,0.0147,0.019799999999999998,0.01,0.005,0.0016,0.005,0.03454460884132284,0.03454460884132284
0.65,0.000251,0.026,319.0,0.362,0.025448270302600686,0.021400000000000002,0.0139,0.016200000000000003,0.0077,0.0017000000000000001,0.0051,0.005,0.03204372013359248,0.03204372013359248
0.65,0.000478,0.013,319.0,0.333,0.013363003861825882,0.0229,0.015,0.0187,0.0083,0.003,0.0031,0.005,0.034808045047086456,0.034808045047086456
0.65,0.0008,0.008,319.0,0.319,0.007984394807440965,0.021400000000000002,0.013500000000000002,0.015700000000000002,0.0064,0.0018,0.0034000000000000002,0.005,0.03110401903291599,0.03110401903291599
0.65,0.0032,0.002,319.0,0.225,0.0019960987018602413,0.057999999999999996,0.0318,0.011899999999999999,0.0027,0.0,0.0074,0.005,0.06785204492128442,0.06785204492128442
0.85,2e-05,0.471,301.0,0.617,0.46908974514630075,0.0296,0.0212,0.0203,0.0062,0.0139,0.0049,0.005,0.04492605034943535,0.04492605034943535
0.85,2e-05,0.42,319.0,0.625,0.4176452668507581,0.0195,0.0536,0.0158,0.0025,0.0031,0.0054,0.005,0.05977348910679383,0.05977348910679383
0.85,3.98e-05,0.211,319.0,0.564,0.20987199339234078,0.0202,0.018500000000000003,0.0175,0.0029,0.0049,0.0042,0.005,0.0336392627743237,0.0336392627743237
0.85,5e-05,0.168,319.0,0.546,0.16705810674030325,0.0292,0.0452,0.0232,0.0040999999999999995,0.0024,0.0024,0.005,0.05905294234837075,0.05905294234837075
0.85,0.0001,0.084,319.0,0.503,0.08352905337015162,0.0265,0.0378,0.0374,0.0017000000000000001,0.0173,0.0008,0.005,0.062110144099011715,0.062110144099011715
0.85,0.000251,0.033,319.0,0.399,0.03327850731878551,0.0599,0.0298,0.0229,0.0001,0.0073,0.0083,0.005,0.07174712537795505,0.07174712537795505
0.85,0.0008,0.01,319.0,0.351,0.010441131671268953,0.046,0.026699999999999998,0.013999999999999999,0.0033,0.0046,0.0026,0.005,0.05557607398872288,0.05557607398872288
0.85,0.0032,0.003,301.0,0.309,0.00293181090716438,0.0453,0.028300000000000002,0.009399999999999999,0.0024,0.0014000000000000002,0.0007000000000000001,0.005,0.054539435273937335,0.054539435273937335
1.2,2e-05,0.593,319.0,0.699,0.5896168473187173,0.0262,0.025099999999999997,0.0131,0.0014000000000000002,0.0013,0.006,0.005,0.03940444137403803,0.03940444137403803
1.2,3.2e-05,0.416,301.0,0.68,0.4139027163055595,0.0275,0.0179,0.0202,0.0059,0.015300000000000001,0.005,0.005,0.04246881208604733,0.04246881208604733
1.2,3.2e-05,0.371,319.0,0.698,0.3685105295741984,0.0167,0.0273,0.0127,0.002,0.0016,0.005,0.005,0.035242445999107384,0.035242445999107384
1.2,6.31e-05,0.188,319.0,0.653,0.18688331135300074,0.0139,0.0146,0.0137,0.0038,0.004699999999999999,0.0044,0.005,0.025979799845264395,0.025979799845264395
1.2,8e-05,0.148,319.0,0.6,0.14740421182967933,0.0204,0.013600000000000001,0.018500000000000003,0.0039000000000000003,0.0036,0.0021,0.005,0.031637793854818644,0.031637793854818644
1.2,0.00013,0.091,319.0,0.545,0.0907102842028796,0.0242,0.049699999999999994,0.0155,0.0021,0.0034999999999999996,0.0009,0.005,0.05777932156057217,0.05777932156057217
1.2,0.000158,0.075,319.0,0.534,0.0746350439643946,0.0154,0.013500000000000002,0.0138,0.0069,0.0054,0.0037,0.005,0.026931579975931604,0.026931579975931604
1.2,0.000398,0.03,319.0,0.495,0.029628987302448107,0.021099999999999997,0.0336,0.013000000000000001,0.0017000000000000001,0.0043,0.0067,0.005,0.0428303630617346,0.0428303630617346
1.2,0.0013,0.009,319.0,0.374,0.009071028420287959,0.0354,0.026699999999999998,0.013300000000000001,0.0037,0.0026,0.0009,0.005,0.046788887569592846,0.046788887569592846
1.2,0.005,0.002,319.0,0.299,0.0023584673892748692,0.045,0.026099999999999998,0.0149,0.0014000000000000002,0.0051,0.0058,0.005,0.054907467615980976,0.054907467615980976
1.5,3.2e-05,0.52,301.0,0.847,0.5173783953819494,0.011699999999999999,0.032,0.0212,0.006,0.0518,0.0043,0.005,0.06612911612897907,0.06612911612897907
1.5,3.2e-05,0.463,319.0,0.774,0.460638161967748,0.0173,0.0215,0.0113,0.0017000000000000001,0.002,0.0040999999999999995,0.005,0.030625642850395807,0.030625642850395807
1.5,5e-05,0.296,319.0,0.77,0.2948084236593587,0.0104,0.019799999999999998,0.010700000000000001,0.0032,0.0074,0.0052,0.005,0.027050508313153747,0.027050508313153747
1.5,8e-05,0.185,319.0,0.705,0.18425526478709917,0.0126,0.0215,0.0131,0.0036,0.0032,0.0052,0.005,0.029459463674683554,0.029459463674683554
1.5,0.00013,0.114,319.0,0.649,0.11338785525359951,0.0146,0.024300000000000002,0.0149,0.0034999999999999996,0.0046,0.0054,0.005,0.03336510152839341,0.03336510152839341
1.5,0.0002,0.074,319.0,0.616,0.07370210591483968,0.0207,0.0286,0.0159,0.0036,0.0037,0.0001,0.005,0.039381721648500845,0.039381721648500845
1.5,0.00032,0.046,319.0,0.58,0.04606381619677479,0.0148,0.0226,0.0155,0.002,0.0058,0.0102,0.005,0.03371542673613965,0.03371542673613965
1.5,0.0005,0.03,319.0,0.55,0.029480842365935872,0.025099999999999997,0.0705,0.0183,0.0023,0.0011,0.0029,0.005,0.07729851227546361,0.07729851227546361
1.5,0.0008,0.019,319.0,0.493,0.01842552647870992,0.0236,0.024700000000000003,0.0129,0.0034000000000000002,0.0038,0.0011,0.005,0.03722458864782793,0.03722458864782793
1.5,0.001,0.015,319.0,0.465,0.014740421182967936,0.0521,0.0374,0.0131,0.0038,0.0002,0.005600000000000001,0.005,0.065997121149335,0.065997121149335
1.5,0.0032,0.005,301.0,0.412,0.005173783953819494,0.023,0.0204,0.0134,0.0043,0.0018,0.0060999999999999995,0.005,0.03476578778051779,0.03476578778051779
1.5,0.013,0.001,319.0,0.324,0.0011338785525359949,0.0401,0.024900000000000002,0.0481,0.0029,0.0108,0.014199999999999999,0.005,0.06995226944138411,0.06995226944138411
2.0,5e-05,0.443,301.0,0.863,0.44149623072593014,0.0131,0.016399999999999998,0.012,0.0044,0.0155,0.0039000000000000003,0.005,0.029738695331167436,0.029738695331167436
2.0,5e-05,0.395,319.0,0.83,0.39307789821247824,0.0152,0.019299999999999998,0.0091,0.0023,0.0029,0.0033,0.005,0.027128029784707918,0.027128029784707918
2.0,8e-05,0.247,319.0,0.765,0.24567368638279888,0.0097,0.0134,0.0089,0.0034000000000000002,0.0021,0.0042,0.005,0.02028472331583549,0.02028472331583549
2.0,0.00013,0.152,319.0,0.727,0.15118380700479936,0.011000000000000001,0.013000000000000001,0.0098,0.0032,0.0017000000000000001,0.0031,0.005,0.020827385817716062,0.020827385817716062
2.0,0.0002,0.099,319.0,0.684,0.09826947455311956,0.011200000000000002,0.0132,0.011200000000000002,0.0042,0.0031,0.0005,0.005,0.021854518983496298,0.021854518983496298
2.0,0.00032,0.062,319.0,0.631,0.06141842159569972,0.0101,0.0165,0.0123,0.0027,0.0013,0.0038,0.005,0.023957671005337727,0.023957671005337727
2.0,0.0005,0.04,319.0,0.578,0.03930778982124783,0.011699999999999999,0.0204,0.013000000000000001,0.0025,0.0013,0.004,0.005,0.027766706682644235,0.027766706682644235
2.0,0.001,0.02,319.0,0.512,0.019653894910623915,0.0098,0.0179,0.01,0.0028000000000000004,0.0008,0.0011,0.005,0.023476371099469352,0.023476371099469352
2.0,0.0032,0.006,319.0,0.428,0.0061418421595699725,0.010700000000000001,0.0189,0.013999999999999999,0.004,0.0017000000000000001,0.0084,0.005,0.027966944774143635,0.027966944774143635
2.0,0.013,0.002,301.0,0.358,0.0016980624258689625,0.0239,0.0213,0.0397,0.0014000000000000002,0.0089,0.0121,0.005,0.05341881690940001,0.05341881690940001
2.7,5e-05,0.599,301.0,0.913,0.5960199114800058,0.0106,0.0127,0.013000000000000001,0.0077,0.024300000000000002,0.0054,0.005,0.03386133488213364,0.03386133488213364
2.7,5e-05,0.534,319.0,0.901,0.5306551625868456,0.0151,0.0165,0.009300000000000001,0.0017000000000000001,0.0040999999999999995,0.001,0.005,0.025148558606806874,0.025148558606806874
2.7,8e-05,0.374,301.0,0.899,0.37251244467500355,0.032799999999999996,0.01,0.0181,0.0039000000000000003,0.006500000000000001,0.0075,0.005,0.04052357338636365,0.04052357338636365
2.7,8e-05,0.333,319.0,0.892,0.3316594766167785,0.0072,0.0103,0.0073,0.0029,0.004,0.003,0.005,0.016420414123888595,0.016420414123888595
2.7,0.00013,0.205,319.0,0.806,0.20409813945647914,0.0062,0.0087,0.0069,0.004,0.0002,0.0024,0.005,0.014440914098491135,0.014440914098491135
2.7,0.0002,0.133,319.0,0.78,0.1326637906467114,0.0076,0.0161,0.0083,0.003,0.0028000000000000004,0.001,0.005,0.02070507184242547,0.02070507184242547
2.7,0.00032,0.083,319.0,0.702,0.08291486915419463,0.0084,0.0127,0.0086,0.0044,0.002,0.0009,0.005,0.018840912929048846,0.018840912929048846
2.7,0.0005,0.053,319.0,0.647,0.053065516258684574,0.0069,0.013500000000000002,0.0096,0.0033,0.0006,0.003,0.005,0.019164289707682882,0.019164289707682882
2.7,0.0008,0.033,319.0,0.596,0.03316594766167785,0.0087,0.0184,0.008,0.0028000000000000004,0.001,0.002,0.005,0.022717614311366412,0.022717614311366412
2.7,0.0013,0.021,319.0,0.57,0.020409813945647913,0.0068000000000000005,0.0163,0.009000000000000001,0.0033,0.0004,0.0016,0.005,0.020773540863319378,0.020773540863319378
2.7,0.002,0.013,319.0,0.484,0.013266379064671143,0.009000000000000001,0.0274,0.009000000000000001,0.0022,0.0016,0.0033,0.005,0.030920058214692934,0.030920058214692934
2.7,0.005,0.005,319.0,0.46,0.0053065516258684565,0.0074,0.0182,0.0137,0.0038,0.0024,0.009000000000000001,0.005,0.026455434224370612,0.026455434224370612
2.7,0.02,0.001,319.0,0.358,0.0013266379064671141,0.0254,0.0245,0.0739,0.0052,0.0125,0.018000000000000002,0.005,0.0850817841843952,0.0850817841843952
3.5,8e-05,0.485,301.0,0.997,0.48288650235648606,0.0098,0.012199999999999999,0.0102,0.0037,0.0171,0.0043,0.005,0.026429339757171384,0.026429339757171384
3.5,8e-05,0.432,319.0,0.972,0.42992895116989804,0.0126,0.0167,0.008,0.0021,0.0037,0.0014000000000000002,0.005,0.023381830552803174,0.023381830552803174
3.5,0.00013,0.266,319.0,0.928,0.26457166225839884,0.0066,0.0086,0.0067,0.0027,0.0014000000000000002,0.0026,0.005,0.01426253834350674,0.01426253834350674
3.5,0.0002,0.173,319.0,0.86,0.17197158046795924,0.0068000000000000005,0.0083,0.0069,0.0027,0.0009,0.0021,0.005,0.014150971698084906,0.014150971698084906
3.5,0.00032,0.108,319.0,0.796,0.10748223779247451,0.0072,0.0088,0.0075,0.0044,0.0017000000000000001,0.0004,0.005,0.015262372030585548,0.015262372030585548
3.5,0.0005,0.069,319.0,0.754,0.0687886321871837,0.0075,0.011699999999999999,0.0077,0.0024,0.0014000000000000002,0.0033,0.005,0.017205812971202494,0.017205812971202494
3.5,0.0008,0.043,319.0,0.663,0.04299289511698981,0.0067,0.0116,0.008,0.0023,0.0022,0.0024,0.005,0.016862384173064023,0.016862384173064023
3.5,0.0013,0.027,319.0,0.627,0.026457166225839882,0.0087,0.0138,0.0086,0.0029,0.002,0.0017000000000000001,0.005,0.019503589413233657,0.019503589413233657
3.5,0.002,0.017,319.0,0.571,0.017197158046795925,0.0051,0.0087,0.0073,0.0033,0.0003,0.0015,0.005,0.013900359707575916,0.013900359707575916
3.5,0.008,0.004,319.0,0.463,0.004299289511698981,0.0059,0.011200000000000002,0.0103,0.0038,0.0013,0.0,0.005,0.01753482249696301,0.01753482249696301
4.5,0.00013,0.384,301.0,1.029,0.3820640458205165,0.0102,0.0168,0.008100000000000001,0.0031,0.0060999999999999995,0.0034999999999999996,0.005,0.023150809921037317,0.023150809921037317
4.5,0.00013,0.342,319.0,1.045,0.34016356576079854,0.013000000000000001,0.01,0.006999999999999999,0.003,0.0033,0.0021,0.005,0.019165072397463047,0.019165072397463047
4.5,0.0002,0.222,319.0,0.972,0.22110631774451903,0.0074,0.0091,0.0070999999999999995,0.0032,0.0002,0.0025,0.005,0.01514958745312888,0.01514958745312888
4.5,0.00032,0.139,319.0,0.899,0.13819144859032437,0.008,0.0096,0.0066,0.0022,0.0,0.0014000000000000002,0.005,0.015215781281288187,0.015215781281288187
4.5,0.0005,0.089,319.0,0.801,0.08844252709780762,0.0083,0.0088,0.0074,0.0046,0.0002,0.0025,0.005,0.015922939427128396,0.015922939427128396
4.5,0.0008,0.056,319.0,0.724,0.05527657943612976,0.008199999999999999,0.0129,0.0076,0.0022,0.0011,0.0016,0.005,0.018028311068982585,0.018028311068982585
4.5,0.0013,0.034,319.0,0.669,0.03401635657607985,0.0085,0.0131,0.0087,0.0026,0.0,0.0009,0.005,0.01876486077752777,0.01876486077752777
4.5,0.002,0.022,319.0,0.618,0.022110631774451904,0.0088,0.0131,0.0079,0.002,0.0034000000000000002,0.0024,0.005,0.018915073354338334,0.018915073354338334
4.5,0.0032,0.014,319.0,0.575,0.01381914485903244,0.0067,0.0123,0.0086,0.0028000000000000004,0.001,0.0029,0.005,0.017674557985986526,0.017674557985986526
4.5,0.013,0.003,319.0,0.432,0.0034016356576079846,0.0070999999999999995,0.018600000000000002,0.0146,0.0025,0.0034000000000000002,0.0074,0.005,0.026591351977663717,0.026591351977663717
6.5,0.00013,0.554,301.0,1.227,0.5518702884074128,0.0111,0.006,0.0104,0.0043,0.0184,0.0039000000000000003,0.005,0.025780418925998857,0.025780418925998857
6.5,0.00013,0.494,319.0,1.167,0.49134737276559787,0.0167,0.0222,0.0083,0.0017000000000000001,0.002,0.0001,0.005,0.029538449519228325,0.029538449519228325
6.5,0.0002,0.36,301.0,1.134,0.35871568746481824,0.0115,0.0141,0.0078000000000000005,0.0032,0.0029,0.0040999999999999995,0.005,0.02126875642815066,0.02126875642815066
6.5,0.0002,0.321,319.0,1.147,0.31937579229763857,0.0108,0.0063,0.0069,0.002,0.0029,0.0024,0.005,0.015719732822156995,0.015719732822156995
6.5,0.00032,0.201,319.0,1.01,0.19960987018602408,0.0078000000000000005,0.0073,0.0067,0.0025,0.0018,0.001,0.005,0.01394668419374297,0.01394668419374297
6.5,0.0005,0.128,319.0,0.939,0.12775031691905545,0.0074,0.0116,0.0073,0.0022,0.0017000000000000001,0.0013,0.005,0.01664421821534433,0.01664421821534433
6.5,0.0008,0.08,319.0,0.857,0.07984394807440964,0.0079,0.0089,0.0073,0.0036,0.0001,0.003,0.005,0.015552491761772454,0.015552491761772454
6.5,0.0013,0.049,319.0,0.761,0.04913473727655979,0.008,0.0108,0.0072,0.0021,0.0002,0.0011,0.005,0.016221590550867693,0.016221590550867693
6.5,0.002,0.032,319.0,0.699,0.03193757922976386,0.0075,0.0087,0.0069,0.0011,0.0005,0.003,0.005,0.014663219291819924,0.014663219291819924
6.5,0.0032,0.02,319.0,0.644,0.01996098701860241,0.0067,0.012,0.0083,0.0025,0.0007000000000000001,0.0011,0.005,0.017050806432541542,0.017050806432541542
6.5,0.005,0.013,319.0,0.581,0.012775031691905542,0.009399999999999999,0.0085,0.0089,0.0016,0.0005,0.0028000000000000004,0.005,0.016597288935244817,0.016597288935244817
6.5,0.013,0.005,319.0,0.485,0.004913473727655978,0.0068000000000000005,0.0182,0.0125,0.0024,0.0024,0.008100000000000001,0.005,0.02521626459252044,0.02521626459252044
6.5,0.02,0.003,319.0,0.497,0.0031937579229763856,0.011399999999999999,0.0189,0.0159,0.0026,0.0003,0.0039000000000000003,0.005,0.02805423319215836,0.02805423319215836
8.5,0.0002,0.471,301.0,1.258,0.4690897451463008,0.010700000000000001,0.008100000000000001,0.0083,0.0031,0.010700000000000001,0.0027,0.005,0.02013405075984463,0.02013405075984463
8.5,0.0002,0.42,319.0,1.213,0.41764526685075815,0.0152,0.0222,0.0079,0.0018,0.0003,0.0001,0.005,0.02854172384422497,0.02854172384422497
8.5,0.00032,0.262,319.0,1.126,0.2610282917817238,0.0085,0.0084,0.0066,0.0032,0.0005,0.0016,0.005,0.014980654191322888,0.014980654191322888
8.5,0.0005,0.168,319.0,1.026,0.16705810674030327,0.008100000000000001,0.009300000000000001,0.0067,0.0022,0.0019,0.0015,0.005,0.015254179755070414,0.015254179755070414
8.5,0.0008,0.105,319.0,0.937,0.10441131671268954,0.0088,0.008,0.0069,0.0023,0.0003,0.0009,0.005,0.014840485167271319,0.014840485167271319
8.5,0.0013,0.065,319.0,0.845,0.06425311797703971,0.0091,0.0083,0.0068000000000000005,0.0023,0.0002,0.0025,0.005,0.015314045840338863,0.015314045840338863
8.5,0.002,0.042,319.0,0.773,0.04176452668507582,0.0098,0.0132,0.0076,0.0019,0.0002,0.0014000000000000002,0.005,0.018938056922503953,0.018938056922503953
8.5,0.0032,0.026,319.0,0.664,0.026102829178172384,0.0103,0.013300000000000001,0.008199999999999999,0.0017000000000000001,0.0022,0.0027,0.005,0.019754493159785197,0.019754493159785197
8.5,0.005,0.017,319.0,0.635,0.016705810674030326,0.0076,0.0125,0.008,0.0025,0.0003,0.0037,0.005,0.01797331355092878,0.01797331355092878
8.5,0.02,0.004,319.0,0.458,0.0041764526685075815,0.008199999999999999,0.018500000000000003,0.0158,0.0014000000000000002,0.0042,0.0044,0.005,0.026890332835426193,0.026890332835426193
10.0,0.0002,0.554,301.0,1.306,0.5518702884074127,0.021,0.013300000000000001,0.0134,0.005699999999999999,0.0154,0.0023,0.005,0.03312687730529396,0.03312687730529396
10.0,0.00032,0.309,319.0,1.169,0.3070921079784986,0.019,0.011200000000000002,0.0084,0.0037,0.0028000000000000004,0.0003,0.005,0.024568679248181003,0.024568679248181003
10.0,0.0005,0.198,319.0,1.074,0.19653894910623915,0.0177,0.011899999999999999,0.0076,0.0017000000000000001,0.0006,0.0022,0.005,0.02336129277244733,0.02336129277244733
10.0,0.0008,0.124,319.0,0.985,0.12283684319139945,0.0183,0.0131,0.0073,0.002,0.0011,0.0009,0.005,0.024306583470327537,0.024306583470327537
10.0,0.0013,0.076,319.0,0.899,0.07559190350239967,0.021099999999999997,0.0121,0.009300000000000001,0.0001,0.0001,0.0003,0.005,0.026518295571171236,0.026518295571171236
10.0,0.002,0.049,319.0,0.809,0.04913473727655979,0.0203,0.0177,0.008,0.0023,0.0004,0.0039000000000000003,0.005,0.02889705867385122,0.02889705867385122
10.0,0.005,0.02,319.0,0.633,0.01965389491062391,0.0111,0.0077,0.008199999999999999,0.0019,0.0002,0.004699999999999999,0.005,0.01733435894401636,0.01733435894401636
10.0,0.02,0.005,319.0,0.516,0.004913473727655978,0.0105,0.0127,0.0128,0.0033,0.0001,0.0051,0.005,0.0223,0.0223
12.0,0.0002,0.593,319.0,1.414,0.5896168473187174,0.0121,0.0070999999999999995,0.0241,0.0028000000000000004,0.0259,0.0012,0.005,0.03850610341231634,0.03850610341231634
12.0,0.00032,0.416,301.0,1.262,0.4139027163055595,0.0078000000000000005,0.0151,0.0085,0.0039000000000000003,0.0063,0.0027,0.005,0.021172859986312666,0.021172859986312666
12.0,0.00032,0.371,319.0,1.262,0.36851052957419833,0.008100000000000001,0.0059,0.0074,0.0027,0.0055000000000000005,0.0013,0.005,0.014812494725737459,0.014812494725737459
12.0,0.0005,0.237,319.0,1.163,0.23584673892748698,0.0054,0.0066,0.006500000000000001,0.0027,0.0013,0.0009,0.005,0.012237646832622684,0.012237646832622684
12.0,0.0008,0.148,319.0,1.059,0.14740421182967936,0.0068000000000000005,0.005600000000000001,0.0064,0.0025,0.0001,0.0013,0.005,0.012308939840619907,0.012308939840619907
12.0,0.0013,0.091,319.0,0.942,0.0907102842028796,0.0102,0.0083,0.006500000000000001,0.0021,0.0008,0.0018,0.005,0.015762931199494592,0.015762931199494592
12.0,0.002,0.059,319.0,0.857,0.058961684731871744,0.0103,0.009399999999999999,0.006500000000000001,0.001,0.0002,0.0015,0.005,0.016278513445643617,0.016278513445643617
12.0,0.0032,0.037,319.0,0.758,0.03685105295741984,0.011200000000000002,0.013600000000000001,0.0075,0.0017000000000000001,0.0013,0.0027,0.005,0.020087807247183554,0.020087807247183554
12.0,0.005,0.024,319.0,0.682,0.023584673892748695,0.0085,0.0126,0.008,0.0022,0.0008,0.0013,0.005,0.018088117646676227,0.018088117646676227
12.0,0.02,0.006,319.0,0.492,0.005896168473187174,0.009000000000000001,0.018500000000000003,0.0127,0.0017000000000000001,0.0034999999999999996,0.0046,0.005,0.025413382301456847,0.025413382301456847
15.0,0.00032,0.52,301.0,1.355,0.5173783953819494,0.009399999999999999,0.013600000000000001,0.0092,0.004699999999999999,0.010700000000000001,0.0011,0.005,0.02281994741448805,0.02281994741448805
15.0,0.00032,0.463,319.0,1.38,0.46063816196774793,0.0084,0.006999999999999999,0.013500000000000002,0.0026,0.0132,0.0012,0.005,0.022566568192793516,0.022566568192793516
15.0,0.0005,0.296,319.0,1.235,0.2948084236593587,0.004699999999999999,0.006500000000000001,0.0066,0.0029,0.0021,0.0011,0.005,0.012121468557893469,0.012121468557893469
15.0,0.0008,0.185,319.0,1.121,0.1842552647870992,0.004699999999999999,0.0063,0.006500000000000001,0.0027,0.0009,0.0005,0.005,0.011720921465482141,0.011720921465482141
15.0,0.0013,0.114,319.0,0.99,0.1133878552535995,0.0051,0.006500000000000001,0.0069,0.0027,0.0004,0.0011,0.005,0.012228245990329113,0.012228245990329113
15.0,0.002,0.074,319.0,0.876,0.07370210591483968,0.0053,0.0066,0.0072,0.0026,0.0004,0.0024,0.005,0.012695274711482222,0.012695274711482222
15.0,0.0032,0.046,319.0,0.789,0.0460638161967748,0.005600000000000001,0.0078000000000000005,0.006999999999999999,0.0026,0.0005,0.0022,0.005,0.01334353776177817,0.01334353776177817
15.0,0.005,0.03,319.0,0.718,0.02948084236593587,0.0059,0.0062,0.006500000000000001,0.0024,0.0004,0.0029,0.005,0.012443070360646524,0.012443070360646524
15.0,0.008,0.019,319.0,0.636,0.01842552647870992,0.005,0.0073,0.0067,0.0025,0.0004,0.0022,0.005,0.01262655930964568,0.01262655930964568
15.0,0.02,0.007,319.0,0.532,0.007370210591483967,0.0069,0.009300000000000001,0.011000000000000001,0.0026,0.0003,0.0025,0.005,0.017123083834403197,0.017123083834403197
18.0,0.0005,0.399,301.0,1.305,0.3973466076533372,0.009300000000000001,0.01,0.0086,0.0051,0.009000000000000001,0.0019,0.005,0.01990150748059051,0.01990150748059051
18.0,0.0005,0.356,319.0,1.306,0.35377010839123046,0.0073,0.006999999999999999,0.0079,0.0026,0.0053,0.0014000000000000002,0.005,0.015050249167372612,0.015050249167372612
18.0,0.0008,0.222,319.0,1.177,0.22110631774451903,0.0046,0.0059,0.006500000000000001,0.0027,0.0012,0.001,0.005,0.011530394615970437,0.011530394615970437
18.0,0.0013,0.137,319.0,1.054,0.1360654263043194,0.0046,0.0063,0.0066,0.0028000000000000004,0.0008,0.0007000000000000001,0.005,0.011763502879669815,0.011763502879669815
18.0,0.002,0.089,319.0,0.951,0.08844252709780762,0.0051,0.0062,0.0069,0.0025,0.0005,0.0007000000000000001,0.005,0.012002083152519816,0.012002083152519816
18.0,0.0032,0.056,319.0,0.837,0.05527657943612976,0.0053,0.006500000000000001,0.0066,0.0025,0.0004,0.0021,0.005,0.012236012422353944,0.012236012422353944
18.0,0.005,0.036,319.0,0.75,0.03537701083912304,0.005600000000000001,0.006,0.006500000000000001,0.0024,0.0003,0.0024,0.005,0.012092146211487853,0.012092146211487853
18.0,0.008,0.022,319.0,0.668,0.022110631774451904,0.0045000000000000005,0.0066,0.006999999999999999,0.0025,0.0004,0.0024,0.005,0.012246632190116596,0.012246632190116596
18.0,0.02,0.009,319.0,0.539,0.00884425270978076,0.0055000000000000005,0.0176,0.0111,0.0028000000000000004,0.0004,0.0032,0.005,0.0225046661828164,0.0225046661828164
22.0,0.0005,0.488,301.0,1.392,0.4856458537985232,0.0256,0.012199999999999999,0.0113,0.011000000000000001,0.013300000000000001,0.0046,0.005,0.035720302350344124,0.035720302350344124
22.0,0.0008,0.272,319.0,1.284,0.2702410550210788,0.0219,0.006500000000000001,0.008,0.0025,0.0031,0.0004,0.005,0.02503757176724612,0.02503757176724612
22.0,0.0013,0.167,319.0,1.075,0.16630218770527927,0.0225,0.013999999999999999,0.0086,0.0023,0.0007000000000000001,0.0024,0.005,0.028508770580296865,0.028508770580296865
22.0,0.002,0.109,319.0,1.021,0.10809642200843153,0.0271,0.0077,0.0085,0.0060999999999999995,0.0001,0.003,0.005,0.03061323243305091,0.03061323243305091
22.0,0.0032,0.068,319.0,0.906,0.0675602637552697,0.0255,0.0118,0.0074,0.0001,0.0006,0.002,0.005,0.029557063453597685,0.029557063453597685
22.0,0.005,0.043,319.0,0.774,0.04323856880337261,0.0236,0.0089,0.0070999999999999995,0.0024,0.0,0.0039000000000000003,0.005,0.027065660900853685,0.027065660900853685
22.0,0.008,0.027,319.0,0.66,0.027024105502107883,0.0242,0.009300000000000001,0.0076,0.0042,0.0004,0.005699999999999999,0.005,0.028375693824116442,0.028375693824116442
22.0,0.013,0.017,319.0,0.591,0.016630218770527925,0.019299999999999998,0.0183,0.010700000000000001,0.0014000000000000002,0.0,0.0014000000000000002,0.005,0.029168304715906954,0.029168304715906954
22.0,0.032,0.007,319.0,0.523,0.006756026375526971,0.018000000000000002,0.0161,0.0139,0.0040999999999999995,0.0004,0.0089,0.005,0.02995997329771841,0.02995997329771841
27.0,0.0005,0.599,301.0,1.508,0.5960199114800058,0.0115,0.0146,0.0083,0.005699999999999999,0.008100000000000001,0.0028000000000000004,0.005,0.023350374729327147,0.023350374729327147
27.0,0.0005,0.534,319.0,1.51,0.5306551625868456,0.009399999999999999,0.0075,0.0108,0.0026,0.0098,0.0015,0.005,0.019781304304822774,0.019781304304822774
27.0,0.0008,0.374,301.0,1.322,0.37251244467500355,0.0245,0.0083,0.0077,0.0051,0.0048,0.003,0.005,0.028486488025026884,0.028486488025026884
27.0,0.0008,0.333,319.0,1.324,0.3316594766167785,0.004699999999999999,0.0072,0.006500000000000001,0.0027,0.0015,0.0013,0.005,0.012345444503945575,0.012345444503945575
27.0,0.0013,0.205,319.0,1.172,0.2040981394564791,0.004699999999999999,0.006500000000000001,0.0066,0.0028000000000000004,0.0009,0.0009,0.005,0.011931470990619723,0.011931470990619723
27.0,0.002,0.133,319.0,1.056,0.1326637906467114,0.0052,0.0064,0.0067,0.0025,0.0005,0.0008,0.005,0.012042840196564928,0.012042840196564928
27.0,0.0032,0.083,319.0,0.921,0.08291486915419463,0.0053,0.0066,0.0068000000000000005,0.0025,0.0004,0.0021,0.005,0.012397983707038818,0.012397983707038818
27.0,0.005,0.053,319.0,0.806,0.05306551625868457,0.0054,0.006500000000000001,0.0067,0.0028000000000000004,0.0004,0.0021,0.005,0.01239798370703882,0.01239798370703882
27.0,0.008,0.033,319.0,0.712,0.03316594766167785,0.005699999999999999,0.0066,0.0067,0.0025,0.0004,0.0023,0.005,0.012555476892575605,0.012555476892575605
27.0,0.013,0.021,319.0,0.639,0.02040981394564791,0.0055000000000000005,0.0067,0.0070999999999999995,0.0025,0.0003,0.0026,0.005,0.012792575972023774,0.012792575972023774
27.0,0.02,0.013,319.0,0.581,0.013266379064671142,0.0084,0.0077,0.0085,0.0026,0.0004,0.0027,0.005,0.015534155915272642,0.015534155915272642
27.0,0.032,0.008,319.0,0.529,0.008291486915419463,0.0062,0.0178,0.0134,0.003,0.0005,0.003,0.005,0.02404350224073024,0.02404350224073024
35.0,0.0008,0.485,301.0,1.46,0.4828865023564861,0.0095,0.008100000000000001,0.0083,0.0079,0.0072,0.0021,0.005,0.01919400948212749,0.01919400948212749
35.0,0.0008,0.432,319.0,1.447,0.4299289511698981,0.0083,0.0074,0.0078000000000000005,0.0025,0.0038,0.0014000000000000002,0.005,0.015236141243766415,0.015236141243766415
35.0,0.0013,0.266,319.0,1.248,0.26457166225839884,0.0054,0.0051,0.0064,0.0031,0.0011,0.0004,0.005,0.011493911431710269,0.011493911431710269
35.0,0.002,0.173,319.0,1.113,0.17197158046795924,0.0055000000000000005,0.005699999999999999,0.0064,0.003,0.0008,0.0005,0.005,0.011772425408555368,0.011772425408555368
35.0,0.0032,0.108,319.0,0.978,0.10748223779247452,0.0058,0.0059,0.0069,0.002,0.0002,0.0008,0.005,0.012072282302862206,0.012072282302862206
35.0,0.005,0.069,319.0,0.858,0.06878863218718369,0.006,0.0054,0.0067,0.0027,0.0004,0.0023,0.005,0.012156891049935425,0.012156891049935425
35.0,0.008,0.043,319.0,0.751,0.04299289511698981,0.006,0.0058,0.0067,0.0028000000000000004,0.0004,0.0027,0.005,0.01244266852407473,0.01244266852407473
35.0,0.013,0.027,319.0,0.666,0.026457166225839882,0.006500000000000001,0.0062,0.0068000000000000005,0.0025,0.0003,0.0028000000000000004,0.005,0.01288836684766538,0.01288836684766538
35.0,0.02,0.017,319.0,0.595,0.017197158046795922,0.0064,0.0063,0.0078000000000000005,0.003,0.0003,0.002,0.005,0.013400746247877394,0.013400746247877394
35.0,0.032,0.011,319.0,0.519,0.010748223779247452,0.008,0.009300000000000001,0.012199999999999999,0.0058,0.0004,0.0040999999999999995,0.005,0.01936336747572591,0.01936336747572591
35.0,0.08,0.004,319.0,0.45,0.0042992895116989805,0.0179,0.0354,0.0239,0.0037,0.0006,0.0007000000000000001,0.005,0.0467367093407313,0.0467367093407313
45.0,0.0008,0.556,319.0,1.571,0.5527657943612976,0.0138,0.0089,0.008,0.0025,0.0051,0.0017000000000000001,0.005,0.019844394674567428,0.019844394674567428
45.0,0.0013,0.384,301.0,1.344,0.3820640458205165,0.0095,0.0060999999999999995,0.0078000000000000005,0.005600000000000001,0.0012,0.001,0.005,0.015719414747375298,0.015719414747375298
45.0,0.0013,0.342,319.0,1.343,0.3401635657607985,0.0087,0.0076,0.006500000000000001,0.0025,0.0014000000000000002,0.0014000000000000002,0.005,0.014521363572337137,0.014521363572337137
45.0,0.002,0.222,319.0,1.172,0.22110631774451903,0.0060999999999999995,0.005699999999999999,0.0063,0.0028000000000000004,0.0007000000000000001,0.0008,0.005,0.011973303637676612,0.011973303637676612
45.0,0.0032,0.139,319.0,1.019,0.1381914485903244,0.0062,0.0055000000000000005,0.006500000000000001,0.0027,0.0005,0.001,0.005,0.012019983361053376,0.012019983361053376
45.0,0.005,0.089,319.0,0.904,0.0884425270978076,0.006500000000000001,0.0052,0.0064,0.0022,0.0002,0.0018,0.005,0.011973721226085065,0.011973721226085065
45.0,0.008,0.056,319.0,0.786,0.05527657943612976,0.0067,0.0053,0.006500000000000001,0.0024,0.0005,0.0007000000000000001,0.005,0.012113215923114722,0.012113215923114722
45.0,0.013,0.034,319.0,0.683,0.03401635657607985,0.006999999999999999,0.006,0.006500000000000001,0.003,0.0003,0.0028000000000000004,0.005,0.013006921234481281,0.013006921234481281
45.0,0.02,0.022,319.0,0.604,0.0221106317744519,0.0072,0.005600000000000001,0.0073,0.0024,0.0002,0.0025,0.005,0.013173458164050926,0.013173458164050926
45.0,0.032,0.014,319.0,0.536,0.01381914485903244,0.0109,0.0085,0.0077,0.0025,0.0004,0.0025,0.005,0.01697085737374515,0.01697085737374515
45.0,0.05,0.009,319.0,0.488,0.00884425270978076,0.0091,0.0182,0.0144,0.0031,0.0004,0.0022,0.005,0.025710309216343548,0.025710309216343548
60.0,0.0013,0.512,301.0,1.465,0.5094187277606886,0.013000000000000001,0.0055000000000000005,0.0084,0.008,0.0043,0.0021,0.005,0.019537400031734008,0.019537400031734008
60.0,0.0013,0.456,319.0,1.451,0.453551421014398,0.013000000000000001,0.0089,0.0069,0.0024,0.0016,0.0016,0.005,0.018212632978237935,0.018212632978237935
60.0,0.002,0.296,319.0,1.273,0.2948084236593587,0.0067,0.005600000000000001,0.0063,0.003,0.001,0.0001,0.005,0.012286171087853206,0.012286171087853206
60.0,0.0032,0.185,319.0,1.093,0.1842552647870992,0.0068000000000000005,0.0053,0.0063,0.0021,0.0005,0.0004,0.005,0.01199333148045196,0.01199333148045196
60.0,0.005,0.119,319.0,0.948,0.11792336946374347,0.0070999999999999995,0.0052,0.006500000000000001,0.0019,0.0005,0.0009,0.005,0.012221702009131134,0.012221702009131134
60.0,0.008,0.074,319.0,0.824,0.07370210591483968,0.0073,0.005600000000000001,0.006500000000000001,0.0029,0.0005,0.0026,0.005,0.012935223229616103,0.012935223229616103
60.0,0.013,0.046,319.0,0.711,0.045355142101439795,0.0078000000000000005,0.0062,0.0069,0.003,0.0005,0.0031,0.005,0.013811227316933135,0.013811227316933135
60.0,0.02,0.03,319.0,0.635,0.02948084236593587,0.008199999999999999,0.0067,0.0070999999999999995,0.003,0.0003,0.0025,0.005,0.014243595051811884,0.014243595051811884
60.0,0.032,0.019,319.0,0.555,0.01842552647870992,0.0089,0.006999999999999999,0.0074,0.0027,0.0005,0.0026,0.005,0.014908722279256529,0.014908722279256529
60.0,0.05,0.012,319.0,0.511,0.011792336946374347,0.0095,0.0146,0.011699999999999999,0.0038,0.0004,0.0034999999999999996,0.005,0.022184454016270044,0.022184454016270044
60.0,0.13,0.005,301.0,0.396,0.005094187277606886,0.029500000000000002,0.0388,0.020499999999999997,0.0032,0.0,0.002,0.005,0.05324640832957656,0.05324640832957656
70.0,0.0013,0.597,301.0,1.541,0.5943218490541368,0.0176,0.006,0.0098,0.0091,0.0033,0.0046,0.005,0.02411762840745333,0.02411762840745333
70.0,0.002,0.388,301.0,1.3,0.3863092018851889,0.0172,0.0033,0.0084,0.0031,0.0027,0.0006,0.005,0.020482919713751747,0.020482919713751747
70.0,0.0032,0.216,319.0,1.11,0.21496447558494905,0.0166,0.0046,0.006999999999999999,0.0033,0.0003,0.0011,0.005,0.01956808626309686,0.01956808626309686
70.0,0.005,0.138,319.0,1.001,0.13757726437436738,0.0154,0.0043,0.0068000000000000005,0.0029,0.0,0.0015,0.005,0.018372533848111425,0.018372533848111425
70.0,0.008,0.086,319.0,0.825,0.08598579023397962,0.0161,0.0048,0.0066,0.0024,0.0,0.0023,0.005,0.019022618116337195,0.019022618116337195
70.0,0.013,0.053,319.0,0.72,0.052914332451679764,0.018799999999999997,0.0051,0.0077,0.0038,0.0003,0.0067,0.005,0.022872691140309657,0.022872691140309657
70.0,0.02,0.035,319.0,0.64,0.034394316093591844,0.0177,0.0067,0.006999999999999999,0.0032,0.0005,0.0054,0.005,0.021721648187925338,0.021721648187925338
70.0,0.032,0.022,319.0,0.564,0.021496447558494905,0.021,0.0092,0.0076,0.0,0.0001,0.0023,0.005,0.024772969139770066,0.024772969139770066
70.0,0.05,0.014,319.0,0.513,0.01375772643743674,0.0161,0.009000000000000001,0.0116,0.0028000000000000004,0.0011,0.0029,0.005,0.02274269113363676,0.02274269113363676
90.0,0.002,0.499,301.0,1.308,0.4966832595666715,0.0197,0.0034999999999999996,0.009300000000000001,0.009000000000000001,0.0027,0.0007000000000000001,0.005,0.024507345837523897,0.024507345837523897
90.0,0.002,0.445,319.0,1.371,0.44221263548903805,0.012,0.0105,0.0072,0.0037,0.0002,0.0005,0.005,0.018576059862091314,0.018576059862091314
90.0,0.0032,0.278,319.0,1.189,0.2763828971806488,0.0084,0.0060999999999999995,0.0066,0.0026,0.0006,0.0009,0.005,0.013574240310234676,0.013574240310234676
90.0,0.005,0.178,319.0,1.039,0.1768850541956152,0.0079,0.0059,0.0064,0.0034000000000000002,0.0005,0.0008,0.005,0.013252546925025394,0.013252546925025394
90.0,0.008,0.111,319.0,0.892,0.11055315887225951,0.0086,0.005600000000000001,0.0069,0.0028000000000000004,0.0002,0.0001,0.005,0.013631580979475566,0.013631580979475566
90.0,0.013,0.068,319.0,0.759,0.0680327131521597,0.009000000000000001,0.0069,0.006999999999999999,0.0024,0.0004,0.0023,0.005,0.014622585270737868,0.014622585270737868
90.0,0.02,0.044,319.0,0.654,0.0442212635489038,0.009399999999999999,0.0062,0.0070999999999999995,0.0027,0.0004,0.0042,0.005,0.01507647173578752,0.01507647173578752
90.0,0.032,0.028,319.0,0.561,0.02763828971806488,0.01,0.0073,0.0073,0.0024,0.0003,0.0025,0.005,0.015610253040870286,0.015610253040870286
90.0,0.05,0.018,319.0,0.49,0.01768850541956152,0.0127,0.0070999999999999995,0.009300000000000001,0.0007000000000000001,0.0006,0.0006,0.005,0.018011107683871083,0.018011107683871083
90.0,0.08,0.011,319.0,0.438,0.01105531588722595,0.0123,0.0092,0.0095,0.0031,0.0006,0.0037,0.005,0.01936078510804766,0.01936078510804766
90.0,0.18,0.005,319.0,0.344,0.004913473727655979,0.0305,0.0304,0.0192,0.0147,0.0023,0.0128,0.005,0.0513153972994461,0.0513153972994461
120.0,0.002,0.593,319.0,1.412,0.5896168473187174,0.0151,0.02,0.0127,0.0034000000000000002,0.0002,0.0015,0.005,0.028777595452017878,0.028777595452017878
120.0,0.0032,0.416,301.0,1.213,0.4139027163055595,0.0192,0.0073,0.008,0.0076,0.0003,0.0003,0.005,0.02385099578633982,0.02385099578633982
120.0,0.0032,0.371,319.0,1.239,0.3685105295741984,0.013000000000000001,0.018000000000000002,0.0103,0.0024,0.0001,0.0008,0.005,0.02510975905897944,0.02510975905897944
120.0,0.005,0.237,319.0,1.053,0.23584673892748695,0.011699999999999999,0.0059,0.0077,0.0022,0.0005,0.0,0.005,0.016157970169547904,0.016157970169547904
120.0,0.008,0.148,319.0,0.912,0.14740421182967936,0.010700000000000001,0.0059,0.0067,0.0025,0.0006,0.0011,0.005,0.015066851031320381,0.015066851031320381
120.0,0.013,0.091,319.0,0.78,0.09071028420287959,0.011200000000000002,0.006500000000000001,0.0070999999999999995,0.0036,0.0001,0.0015,0.005,0.016072336482291557,0.016072336482291557
120.0,0.02,0.059,319.0,0.671,0.05896168473187174,0.011000000000000001,0.0066,0.0075,0.0024,0.0001,0.0051,0.005,0.016661032380978078,0.016661032380978078
120.0,0.032,0.037,319.0,0.577,0.03685105295741984,0.0125,0.0074,0.0075,0.0023,0.0004,0.0034000000000000002,0.005,0.01758607403600929,0.01758607403600929
120.0,0.05,0.024,319.0,0.488,0.023584673892748695,0.0125,0.0069,0.0087,0.0012,0.0005,0.0004,0.005,0.017504285189632852,0.017504285189632852
120.0,0.08,0.015,319.0,0.442,0.014740421182967934,0.013500000000000002,0.0063,0.0118,0.0034000000000000002,0.0005,0.0025,0.005,0.020105720578979507,0.020105720578979507
120.0,0.18,0.007,301.0,0.333,0.0073582705120988365,0.023700000000000002,0.0269,0.0151,0.009000000000000001,0.0014000000000000002,0.0026,0.005,0.040348853763149214,0.040348853763149214
150.0,0.0032,0.52,301.0,1.25,0.5173783953819494,0.0182,0.0089,0.009899999999999999,0.0087,0.001,0.0032,0.005,0.02490762935327246,0.02490762935327246
150.0,0.0032,0.463,319.0,1.247,0.460638161967748,0.0121,0.021,0.0104,0.0032,0.0001,0.002,0.005,0.02710756352016905,0.02710756352016905
150.0,0.005,0.296,319.0,1.071,0.29480842365935866,0.0108,0.0087,0.0069,0.0026,0.0001,0.0005,0.005,0.016491209779758428,0.016491209779758428
150.0,0.008,0.185,319.0,0.919,0.1842552647870992,0.013300000000000001,0.0089,0.0070999999999999995,0.0025,0.0003,0.0033,0.005,0.01867458165528749,0.01867458165528749
150.0,0.013,0.114,319.0,0.807,0.1133878552535995,0.019799999999999998,0.0051,0.0103,0.0045000000000000005,0.0003,0.003,0.005,0.02405161117264288,0.02405161117264288
150.0,0.02,0.074,319.0,0.693,0.07370210591483967,0.0167,0.0068000000000000005,0.0088,0.003,0.0003,0.0054,0.005,0.021582863572751416,0.021582863572751416
150.0,0.032,0.046,319.0,0.588,0.0460638161967748,0.0187,0.008,0.0096,0.001,0.0005,0.0053,0.005,0.02366833327465202,0.02366833327465202
150.0,0.05,0.03,319.0,0.512,0.02948084236593587,0.0178,0.0108,0.0088,0.0014000000000000002,0.0004,0.001,0.005,0.02321723497749032,0.02321723497749032
150.0,0.08,0.019,319.0,0.446,0.018425526478709917,0.0172,0.0088,0.0109,0.0019,0.0006,0.0034999999999999996,0.005,0.023093505580573947,0.023093505580573947
150.0,0.18,0.008,319.0,0.325,0.00818912287942663,0.0256,0.0219,0.0161,0.009300000000000001,0.0012,0.003,0.005,0.038937257222357094,0.038937257222357094
200.0,0.005,0.443,301.0,1.1,0.4414962307259302,0.0189,0.0088,0.0085,0.0068000000000000005,0.0003,0.0004,0.005,0.024049740123336053,0.024049740123336053
200.0,0.005,0.395,319.0,1.129,0.39307789821247824,0.011399999999999999,0.0069,0.009300000000000001,0.0034000000000000002,0.0002,0.0,0.005,0.017339550167175616,0.017339550167175616
200.0,0.008,0.247,319.0,0.94,0.24567368638279893,0.0092,0.0058,0.0073,0.0017000000000000001,0.0004,0.0006,0.005,0.01414142849927121,0.01414142849927121
200.0,0.013,0.152,319.0,0.807,0.15118380700479933,0.009399999999999999,0.0046,0.0069,0.0027,0.0003,0.0022,0.005,0.013940946883192688,0.013940946883192688
200.0,0.02,0.099,319.0,0.698,0.09826947455311956,0.0113,0.0064,0.0070999999999999995,0.0011,0.0002,0.0025,0.005,0.015860643114325473,0.015860643114325473
200.0,0.032,0.062,319.0,0.586,0.06141842159569973,0.012,0.008199999999999999,0.0070999999999999995,0.0015,0.0004,0.004,0.005,0.01746596690710251,0.01746596690710251
200.0,0.05,0.04,319.0,0.521,0.03930778982124782,0.0125,0.0073,0.0073,0.0004,0.0002,0.0012,0.005,0.01701381791368416,0.01701381791368416
200.0,0.08,0.025,319.0,0.431,0.02456736863827989,0.0116,0.004699999999999999,0.009899999999999999,0.0007000000000000001,0.0008,0.0034000000000000002,0.005,0.01709824552402965,0.01709824552402965
200.0,0.13,0.015,319.0,0.355,0.015118380700479933,0.0256,0.032,0.0178,0.0038,0.0,0.0023,0.005,0.04517665326249832,0.04517665326249832
200.0,0.18,0.011,319.0,0.331,0.010918830505902173,0.0175,0.012,0.0182,0.0106,0.0006,0.0024,0.005,0.030413319450530225,0.030413319450530225
200.0,0.25,0.008,319.0,0.273,0.007861557964249566,0.036000000000000004,0.042,0.026699999999999998,0.013600000000000001,0.0003,0.003,0.005,0.06318180117723773,0.06318180117723773
200.0,0.4,0.005,319.0,0.139,0.004913473727655978,0.0461,0.043,0.0509,0.0235,0.0008,0.009300000000000001,0.005,0.08502587841357476,0.08502587841357476
250.0,0.005,0.554,301.0,1.123,0.5518702884074127,0.0229,0.0161,0.0097,0.0102,0.0006,0.0018,0.005,0.03178600320895976,0.03178600320895976
250.0,0.005,0.494,319.0,1.148,0.4913473727655978,0.0161,0.021,0.009000000000000001,0.0007000000000000001,0.0002,0.0012,0.005,0.028428506819739935,0.028428506819739935
250.0,0.008,0.309,319.0,0.964,0.3070921079784987,0.0104,0.0069,0.0072,0.0032,0.0003,0.0003,0.005,0.01558941948887129,0.01558941948887129
250.0,0.013,0.19,319.0,0.828,0.18897975875599915,0.010700000000000001,0.0064,0.0070999999999999995,0.0011,0.0004,0.0021,0.005,0.01538310761842353,0.01538310761842353
250.0,0.02,0.124,319.0,0.701,0.12283684319139945,0.0118,0.0079,0.006999999999999999,0.002,0.0003,0.001,0.005,0.016755297669692415,0.016755297669692415
250.0,0.032,0.077,319.0,0.591,0.07677302699462467,0.0125,0.0085,0.0074,0.0034999999999999996,0.0003,0.0031,0.005,0.018171681265089373,0.018171681265089373
250.0,0.05,0.049,319.0,0.521,0.04913473727655978,0.012199999999999999,0.008,0.0074,0.001,0.0003,0.0026,0.005,0.017333493589002765,0.017333493589002765
250.0,0.08,0.031,319.0,0.432,0.030709210797849863,0.0118,0.0064,0.0097,0.0014000000000000002,0.0005,0.0017000000000000001,0.005,0.017446776206508755,0.017446776206508755
250.0,0.13,0.019,319.0,0.341,0.018897975875599916,0.0177,0.0268,0.009300000000000001,0.0054,0.0001,0.0034999999999999996,0.005,0.03441569409440989,0.03441569409440989
250.0,0.18,0.014,319.0,0.325,0.013648538132377718,0.017,0.0078000000000000005,0.0129,0.0079,0.0001,0.0046,0.005,0.024996599768768554,0.024996599768768554
250.0,0.25,0.01,319.0,0.263,0.009826947455311956,0.0213,0.0368,0.022099999999999998,0.0216,0.0003,0.0,0.005,0.05280142043543904,0.05280142043543904
250.0,0.4,0.006,319.0,0.139,0.0061418421595699725,0.0313,0.0397,0.0432,0.0326,0.0008,0.006999999999999999,0.005,0.07456151822488595,0.07456151822488595
300.0,0.005,0.593,319.0,1.197,0.5896168473187173,0.025099999999999997,0.026000000000000002,0.0108,0.0004,0.0,0.0016,0.005,0.03808372355744643,0.03808372355744643
300.0,0.008,0.416,301.0,1.0,0.4139027163055595,0.0229,0.011200000000000002,0.0088,0.0058,0.0007000000000000001,0.0007000000000000001,0.005,0.028051916155585523,0.028051916155585523
300.0,0.008,0.371,319.0,0.989,0.3685105295741984,0.0146,0.009399999999999999,0.009300000000000001,0.0024,0.0003,0.0002,0.005,0.02046704668485417,0.02046704668485417
300.0,0.013,0.228,319.0,0.822,0.226775710507199,0.0115,0.0070999999999999995,0.0070999999999999995,0.0026,0.0002,0.0004,0.005,0.016279742012697867,0.016279742012697867
300.0,0.02,0.148,319.0,0.7,0.14740421182967933,0.0128,0.009000000000000001,0.0072,0.0036,0.0003,0.001,0.005,0.018322936445886617,0.018322936445886617
300.0,0.032,0.093,319.0,0.613,0.0921276323935496,0.0132,0.009000000000000001,0.0075,0.0015,0.0003,0.0032,0.005,0.018683415105381563,0.018683415105381563
300.0,0.05,0.059,319.0,0.503,0.05896168473187174,0.013500000000000002,0.008100000000000001,0.0074,0.003,0.0002,0.0012,0.005,0.018387495751189177,0.018387495751189177
300.0,0.08,0.037,319.0,0.433,0.03685105295741983,0.0129,0.0064,0.0077,0.0015,0.0004,0.0014000000000000002,0.005,0.017205522369285974,0.017205522369285974
300.0,0.13,0.023,319.0,0.352,0.022677571050719898,0.018500000000000003,0.030299999999999997,0.0101,0.008100000000000001,0.0001,0.0022,0.005,0.0381812781347089,0.0381812781347089
300.0,0.18,0.016,319.0,0.318,0.01637824575885326,0.0182,0.009300000000000001,0.0088,0.0032,0.0006,0.0036,0.005,0.02331801878376463,0.02331801878376463
300.0,0.25,0.012,319.0,0.262,0.011792336946374347,0.0213,0.044500000000000005,0.0235,0.0212,0.0003,0.0004,0.005,0.05882924442826034,0.05882924442826034
300.0,0.4,0.007,319.0,0.155,0.007370210591483967,0.0325,0.0538,0.0369,0.0346,0.0007000000000000001,0.006,0.005,0.08106139648439323,0.08106139648439323
400.0,0.008,0.554,301.0,0.996,0.5518702884074127,0.0263,0.0177,0.0078000000000000005,0.004,0.0013,0.0002,0.005,0.03329489450351209,0.03329489450351209
400.0,0.008,0.494,319.0,1.06,0.49134737276559787,0.017,0.0091,0.0109,0.0040999999999999995,0.0002,0.0003,0.005,0.023077261535979523,0.023077261535979523
400.0,0.013,0.341,301.0,0.867,0.3396124851737925,0.029500000000000002,0.005699999999999999,0.0074,0.0048,0.0004,0.0015,0.005,0.03174822829702471,0.03174822829702471
400.0,0.013,0.304,319.0,0.854,0.30236761400959866,0.015,0.0109,0.0076,0.0025,0.0003,0.0002,0.005,0.020807450588671356,0.020807450588671356
400.0,0.02,0.198,319.0,0.713,0.19653894910623912,0.0146,0.009300000000000001,0.0072,0.0012,0.0005,0.0012,0.005,0.019483839457355424,0.019483839457355424
400.0,0.032,0.124,319.0,0.607,0.12283684319139947,0.0147,0.009399999999999999,0.0072,0.0034000000000000002,0.0002,0.0015,0.005,0.019878128684561833,0.019878128684561833
400.0,0.05,0.079,319.0,0.509,0.07861557964249564,0.0147,0.0083,0.0073,0.0024,0.0003,0.0032,0.005,0.019477166118303763,0.019477166118303763
400.0,0.08,0.049,319.0,0.444,0.04913473727655978,0.0148,0.0078000000000000005,0.0077,0.0001,0.0004,0.0017000000000000001,0.005,0.019163246071581926,0.019163246071581926
400.0,0.13,0.03,319.0,0.362,0.030236761400959867,0.016,0.0086,0.0077,0.0031,0.0005,0.0024,0.005,0.020733306538031987,0.020733306538031987
400.0,0.25,0.016,319.0,0.256,0.01572311592849913,0.018600000000000002,0.0138,0.011899999999999999,0.012199999999999999,0.0003,0.0007000000000000001,0.005,0.029196403888150334,0.029196403888150334
400.0,0.4,0.01,319.0,0.16,0.009826947455311956,0.0365,0.037000000000000005,0.0366,0.026699999999999998,0.0007000000000000001,0.0048,0.005,0.06929812407273375,0.06929812407273375
500.0,0.013,0.426,301.0,0.898,0.4245156064672406,0.0334,0.05,0.0098,0.0015,0.0003,0.0004,0.005,0.06114818067612478,0.06114818067612478
500.0,0.013,0.38,319.0,0.9,0.3779595175119983,0.0242,0.027000000000000003,0.0101,0.0053,0.0002,0.0022,0.005,0.03840078124205288,0.03840078124205288
500.0,0.02,0.247,319.0,0.741,0.2456736863827989,0.02,0.0207,0.008,0.0012,0.0003,0.0006,0.005,0.030321279656373348,0.030321279656373348
500.0,0.032,0.154,319.0,0.623,0.15354605398924934,0.020099999999999996,0.020499999999999997,0.0076,0.0017000000000000001,0.0003,0.0003,0.005,0.03016769795658926,0.03016769795658926
500.0,0.05,0.099,319.0,0.516,0.09826947455311956,0.021099999999999997,0.0225,0.0101,0.0054,0.0003,0.0005,0.005,0.033286183319810037,0.033286183319810037
500.0,0.08,0.062,319.0,0.437,0.061418421595699726,0.0222,0.0218,0.0085,0.0013,0.0003,0.0028000000000000004,0.005,0.03278643011979194,0.03278643011979194
500.0,0.13,0.038,319.0,0.346,0.03779595175119983,0.0264,0.022400000000000003,0.0116,0.0,0.0004,0.004699999999999999,0.005,0.03715548411742202,0.03715548411742202
500.0,0.18,0.027,319.0,0.29,0.027297076264755436,0.0296,0.029500000000000002,0.0116,0.0074,0.0001,0.0033,0.005,0.044403040436438584,0.044403040436438584
500.0,0.25,0.02,319.0,0.253,0.01965389491062391,0.0359,0.0347,0.0232,0.028300000000000002,0.0003,0.0025,0.005,0.062156013385673316,0.062156013385673316
500.0,0.4,0.012,319.0,0.165,0.012283684319139945,0.051,0.058600000000000006,0.045,0.0431,0.001,0.0021,0.005,0.09973956085726465,0.09973956085726465
650.0,0.013,0.554,301.0,0.874,0.5518702884074128,0.0265,0.0113,0.0076,0.0034000000000000002,0.0004,0.0009,0.005,0.03041759359318222,0.03041759359318222
650.0,0.013,0.494,319.0,0.88,0.4913473727655978,0.0194,0.0088,0.0092,0.0022,0.0003,0.0004,0.005,0.02384386713601634,0.02384386713601634
650.0,0.02,0.36,301.0,0.709,0.3587156874648183,0.0415,0.037000000000000005,0.0096,0.002,0.0003,0.0005,0.005,0.05668112560632508,0.05668112560632508
650.0,0.02,0.321,319.0,0.753,0.31937579229763857,0.0192,0.0083,0.006999999999999999,0.0025,0.0004,0.0005,0.005,0.02276378703115982,0.02276378703115982
650.0,0.032,0.201,319.0,0.617,0.19960987018602414,0.0182,0.0095,0.0072,0.003,0.0004,0.0009,0.005,0.02254550953072474,0.02254550953072474
650.0,0.05,0.128,319.0,0.512,0.12775031691905542,0.018500000000000003,0.0092,0.0072,0.0026,0.0002,0.0028000000000000004,0.005,0.022767740335834823,0.022767740335834823
650.0,0.08,0.08,319.0,0.446,0.07984394807440964,0.018600000000000002,0.0092,0.006999999999999999,0.0026,0.0004,0.0015,0.005,0.022666495097389893,0.022666495097389893
650.0,0.13,0.049,319.0,0.363,0.04913473727655978,0.020499999999999997,0.0096,0.0077,0.0040999999999999995,0.0005,0.0028000000000000004,0.005,0.024931907267595872,0.024931907267595872
650.0,0.18,0.036,319.0,0.302,0.035486199144182065,0.0334,0.0345,0.013000000000000001,0.011000000000000001,0.0001,0.003,0.005,0.05128177064025773,0.05128177064025773
650.0,0.25,0.026,319.0,0.251,0.02555006338381109,0.0245,0.014199999999999999,0.0095,0.0086,0.0002,0.0008,0.005,0.03149253879889648,0.03149253879889648
650.0,0.4,0.016,319.0,0.144,0.015968789614881927,0.054000000000000006,0.032,0.0308,0.0336,0.002,0.0095,0.005,0.0783380495034182,0.0783380495034182
650.0,0.65,0.01,319.0,0.022,0.009826947455311956,0.1382,0.0779,0.0557,0.0381,0.0011,0.0137,0.005,0.17301921858568198,0.17301921858568198
0.1,2.43e-06,0.502,301.0,0.154,0.4542142291419035,0.0375,0.015,0.0349,0.0111,0.0046,0.002,0.005,0.054978450323740484,0.054978450323740484
800.0,0.02,0.443,301.0,0.751,0.4414962307259302,0.0412,0.023,0.0084,0.0034999999999999996,0.0004,0.0015,0.005,0.04833901116075917,0.04833901116075917
800.0,0.02,0.395,319.0,0.766,0.39307789821247824,0.0255,0.0132,0.0092,0.0002,0.0004,0.0009,0.005,0.030580058861944655,0.030580058861944655
800.0,0.032,0.247,319.0,0.645,0.24567368638279893,0.0206,0.0101,0.0069,0.0045000000000000005,0.0003,0.0009,0.005,0.024902409521971966,0.024902409521971966
800.0,0.05,0.158,319.0,0.516,0.1572311592849913,0.020499999999999997,0.009899999999999999,0.0073,0.0031,0.0003,0.0026,0.005,0.024759038753554223,0.024759038753554223
800.0,0.08,0.099,319.0,0.447,0.09826947455311956,0.0217,0.0104,0.0078000000000000005,0.0025,0.0003,0.0032,0.005,0.02610498036773826,0.02610498036773826
800.0,0.13,0.061,319.0,0.361,0.060473522801919734,0.024,0.009899999999999999,0.0077,0.0027,0.0003,0.0017000000000000001,0.005,0.027723095065306107,0.027723095065306107
800.0,0.18,0.044,319.0,0.324,0.043675322023608694,0.037599999999999995,0.030899999999999997,0.0097,0.0051,0.0002,0.0027,0.005,0.050209560842532766,0.050209560842532766
800.0,0.25,0.032,319.0,0.255,0.03144623185699826,0.028900000000000002,0.011200000000000002,0.0101,0.009899999999999999,0.0005,0.0027,0.005,0.03454287191303005,0.03454287191303005
800.0,0.4,0.02,319.0,0.129,0.01965389491062391,0.059800000000000006,0.0341,0.0248,0.0254,0.0013,0.005,0.005,0.07778650268523454,0.07778650268523454
800.0,0.65,0.012,319.0,0.02,0.012094704560383945,0.1211,0.0721,0.053099999999999994,0.0405,0.0012,0.0072,0.005,0.1562106270392639,0.1562106270392639
1000.0,0.02,0.554,301.0,0.762,0.5518702884074127,0.0546,0.037000000000000005,0.01,0.0011,0.0001,0.0007000000000000001,0.005,0.0669094163776669,0.0669094163776669
1000.0,0.02,0.494,319.0,0.756,0.4913473727655978,0.0393,0.03,0.0097,0.0028000000000000004,0.0002,0.0029,0.005,0.05079242069443038,0.05079242069443038
1000.0,0.032,0.309,319.0,0.644,0.3070921079784987,0.0329,0.0246,0.01,0.0043,0.0003,0.0009,0.005,0.04280140184620125,0.04280140184620125
1000.0,0.05,0.198,319.0,0.557,0.19653894910623912,0.0321,0.0235,0.0078000000000000005,0.0027,0.0003,0.0003,0.005,0.04093861258030125,0.04093861258030125
1000.0,0.08,0.124,319.0,0.444,0.12283684319139945,0.0335,0.022799999999999997,0.008100000000000001,0.0016,0.0003,0.0026,0.005,0.041738591255575455,0.041738591255575455
1000.0,0.13,0.076,319.0,0.393,0.07559190350239967,0.039900000000000005,0.0265,0.0095,0.0045000000000000005,0.0003,0.0004,0.005,0.04929513160546384,0.04929513160546384
1000.0,0.18,0.055,319.0,0.326,0.05459415252951087,0.0435,0.0268,0.0079,0.0045000000000000005,0.0002,0.0024,0.005,0.052191474399560706,0.052191474399560706
1000.0,0.25,0.04,319.0,0.255,0.03930778982124782,0.049,0.0336,0.013300000000000001,0.0103,0.0,0.0033,0.005,0.06203893938487343,0.06203893938487343
1000.0,0.4,0.025,319.0,0.124,0.02456736863827989,0.0764,0.0571,0.0288,0.0301,0.0005,0.0017000000000000001,0.005,0.10421592968447771,0.10421592968447771
1000.0,0.65,0.015,319.0,0.019,0.015118380700479932,0.1398,0.07730000000000001,0.0535,0.0673,0.0012,0.0007000000000000001,0.005,0.18148774063280418,0.18148774063280418
1200.0,0.02,0.593,319.0,0.826,0.5896168473187173,0.0287,0.0104,0.0098,0.0029,0.0003,0.0,0.005,0.03257898095398319,0.03257898095398319
1200.0,0.032,0.416,301.0,0.601,0.4139027163055595,0.0395,0.0151,0.006999999999999999,0.0003,0.0008,0.0009,0.005,0.04317175002243944,0.04317175002243944
1200.0,0.032,0.371,319.0,0.66,0.3685105295741984,0.027999999999999997,0.0111,0.0088,0.0032,0.0003,0.0001,0.005,0.03193728228888613,0.03193728228888613
1200.0,0.05,0.237,319.0,0.519,0.23584673892748695,0.0217,0.0069,0.006999999999999999,0.0031,0.0002,0.0022,0.005,0.024637167044934363,0.024637167044934363
1200.0,0.08,0.148,319.0,0.453,0.14740421182967933,0.0222,0.0068000000000000005,0.006999999999999999,0.0029,0.0003,0.0021,0.005,0.025019792165403773,0.025019792165403773
1200.0,0.13,0.091,319.0,0.366,0.09071028420287959,0.0245,0.0062,0.008199999999999999,0.0043,0.0004,0.0021,0.005,0.027458878345628036,0.027458878345628036
1200.0,0.18,0.066,319.0,0.326,0.06551298303541304,0.0493,0.0253,0.0092,0.0031,0.0003,0.0042,0.005,0.05663532466579493,0.05663532466579493
1200.0,0.25,0.047,319.0,0.247,0.04716934778549739,0.0275,0.0078000000000000005,0.008100000000000001,0.0058,0.0004,0.0014000000000000002,0.005,0.03071579398290072,0.03071579398290072
1200.0,0.4,0.03,319.0,0.136,0.02948084236593587,0.043,0.022400000000000003,0.0171,0.0187,0.0004,0.0019,0.005,0.05496935509900038,0.05496935509900038
1200.0,0.65,0.018,319.0,0.021,0.018142056840575918,0.1376,0.0784,0.0447,0.058899999999999994,0.002,0.0051,0.005,0.17493607403848985,0.17493607403848985
1500.0,0.032,0.52,301.0,0.575,0.5173783953819494,0.0644,0.0229,0.0078000000000000005,0.0011,0.0006,0.0005,0.005,0.06898862225033922,0.06898862225033922
1500.0,0.032,0.463,319.0,0.639,0.460638161967748,0.0354,0.0127,0.008100000000000001,0.0017000000000000001,0.0003,0.0,0.005,0.03883349070068257,0.03883349070068257
1500.0,0.05,0.296,319.0,0.56,0.29480842365935866,0.0258,0.0087,0.0073,0.0022,0.0002,0.0007000000000000001,0.005,0.028722639154506676,0.028722639154506676
1500.0,0.08,0.185,319.0,0.448,0.1842552647870992,0.0263,0.0096,0.0073,0.0037,0.0002,0.0021,0.005,0.029669512972072865,0.029669512972072865
1500.0,0.13,0.114,319.0,0.34,0.1133878552535995,0.0341,0.0111,0.0079,0.0017000000000000001,0.0004,0.0017000000000000001,0.005,0.0371398707590643,0.0371398707590643
1500.0,0.18,0.082,319.0,0.316,0.0818912287942663,0.0332,0.0092,0.0079,0.005,0.0003,0.0011,0.005,0.03606369365442203,0.03606369365442203
1500.0,0.25,0.059,319.0,0.253,0.05896168473187174,0.0382,0.015300000000000001,0.0086,0.008100000000000001,0.0003,0.0016,0.005,0.043134093244207646,0.043134093244207646
1500.0,0.4,0.037,319.0,0.123,0.03685105295741983,0.056600000000000004,0.0231,0.0147,0.0191,0.0004,0.0023,0.005,0.0659433089858251,0.0659433089858251
1500.0,0.65,0.023,319.0,0.013,0.022677571050719898,0.18460000000000001,0.0682,0.0377,0.055,0.0001,0.0143,0.005,0.20833672263909692,0.20833672263909692
2000.0,0.05,0.443,301.0,0.51,0.44149623072593014,0.056799999999999996,0.017,0.0070999999999999995,0.0032,0.0002,0.0004,0.005,0.06000908264587953,0.06000908264587953
2000.0,0.05,0.395,319.0,0.516,0.39307789821247824,0.0416,0.0134,0.008,0.0029,0.0003,0.0006,0.005,0.04481048984333913,0.04481048984333913
2000.0,0.08,0.247,319.0,0.437,0.2456736863827989,0.0316,0.009000000000000001,0.0072,0.0015,0.0003,0.0022,0.005,0.03411128845411736,0.03411128845411736
2000.0,0.13,0.152,319.0,0.37,0.15118380700479933,0.0361,0.0118,0.0073,0.0042,0.0002,0.0017000000000000001,0.005,0.03925952113819016,0.03925952113819016
2000.0,0.18,0.11,319.0,0.314,0.10918830505902175,0.039,0.011000000000000001,0.0075,0.0031,0.0003,0.0008,0.005,0.04163640234218129,0.04163640234218129
2000.0,0.25,0.079,319.0,0.236,0.07861557964249564,0.0447,0.0147,0.008100000000000001,0.005600000000000001,0.0004,0.0008,0.005,0.048342010715318816,0.048342010715318816
2000.0,0.4,0.049,319.0,0.126,0.04913473727655978,0.061900000000000004,0.026000000000000002,0.0161,0.0231,0.0003,0.0001,0.005,0.07297622900643744,0.07297622900643744
2000.0,0.65,0.03,319.0,0.021,0.030236761400959863,0.19260000000000002,0.09699999999999999,0.0466,0.12300000000000001,0.001,0.0019,0.005,0.2526537749569557,0.2526537749569557
3000.0,0.05,0.593,319.0,0.582,0.5896168473187173,0.042,0.0184,0.0085,0.0028000000000000004,0.0003,0.0007000000000000001,0.005,0.046991807796678775,0.046991807796678775
3000.0,0.08,0.416,301.0,0.461,0.4139027163055595,0.057800000000000004,0.019799999999999998,0.0070999999999999995,0.0003,0.0001,0.0,0.005,0.06171215439441407,0.06171215439441407
3000.0,0.08,0.371,319.0,0.432,0.3685105295741984,0.0438,0.015300000000000001,0.0084,0.0048,0.0002,0.0004,0.005,0.04765847248915978,0.04765847248915978
3000.0,0.13,0.228,319.0,0.347,0.226775710507199,0.0416,0.015700000000000002,0.008,0.0026,0.0003,0.0022,0.005,0.045582233381000536,0.045582233381000536
3000.0,0.18,0.165,319.0,0.303,0.1637824575885326,0.042300000000000004,0.0166,0.008199999999999999,0.0053,0.0002,0.0009,0.005,0.04675499973264892,0.04675499973264892
3000.0,0.25,0.119,319.0,0.215,0.11792336946374347,0.051399999999999994,0.016399999999999998,0.0092,0.0084,0.0002,0.0011,0.005,0.05560908199206313,0.05560908199206313
3000.0,0.4,0.074,319.0,0.118,0.07370210591483967,0.0641,0.0258,0.013300000000000001,0.0139,0.0002,0.0022,0.005,0.07193351096672539,0.07193351096672539
3000.0,0.65,0.046,319.0,0.016,0.045355142101439795,0.12480000000000001,0.042300000000000004,0.023700000000000002,0.032400000000000005,0.0001,0.0036,0.005,0.1378903549926535,0.1378903549926535
5000.0,0.13,0.426,301.0,0.353,0.4245156064672405,0.0783,0.021400000000000002,0.0087,0.0063,0.0003,0.0022,0.005,0.08206192783501981,0.08206192783501981
5000.0,0.13,0.38,319.0,0.372,0.3779595175119983,0.0548,0.0172,0.008100000000000001,0.0024,0.0003,0.0003,0.005,0.0582703183447628,0.0582703183447628
5000.0,0.18,0.274,319.0,0.271,0.2729707626475544,0.049100000000000005,0.0147,0.0070999999999999995,0.0031,0.0003,0.0014000000000000002,0.005,0.05209577718011317,0.05209577718011317
5000.0,0.25,0.198,319.0,0.235,0.19653894910623912,0.055099999999999996,0.0209,0.008199999999999999,0.016200000000000003,0.0002,0.0023,0.005,0.0619098538198888,0.0619098538198888
5000.0,0.4,0.124,319.0,0.117,0.12283684319139945,0.07139999999999999,0.0208,0.0086,0.0067,0.0004,0.0005,0.005,0.07533166664822967,0.07533166664822967
5000.0,0.65,0.076,319.0,0.01,0.07559190350239965,0.2708,0.1277,0.0365,0.04190000000000001,0.0005,0.0106,0.005,0.3047382483378153,0.3047382483378153
8000.0,0.18,0.493,301.0,0.311,0.49055136747325573,0.10949999999999999,0.0344,0.0092,0.0040999999999999995,0.0003,0.0024,0.005,0.11535124620046373,0.11535124620046373
8000.0,0.18,0.439,319.0,0.336,0.436753220236087,0.07440000000000001,0.0233,0.0086,0.011699999999999999,0.0003,0.0003,0.005,0.07946244395939507,0.07946244395939507
8000.0,0.25,0.355,301.0,0.243,0.35319698458074417,0.11800000000000001,0.0315,0.0139,0.0108,0.0001,0.0011,0.005,0.12350028340048455,0.12350028340048455
8000.0,0.25,0.316,319.0,0.219,0.3144623185699826,0.08929999999999999,0.0282,0.012199999999999999,0.0064,0.0003,0.0004,0.005,0.09478807941930252,0.09478807941930252
8000.0,0.4,0.198,319.0,0.1,0.19653894910623912,0.0999,0.0355,0.009399999999999999,0.0084,0.0003,0.001,0.005,0.10688905463142613,0.10688905463142613
8000.0,0.65,0.122,319.0,0.016,0.12094704560383945,0.17170000000000002,0.066,0.02,0.0735,0.0001,0.0011,0.005,0.19916164289340457,0.19916164289340457
12000.0,0.25,0.532,301.0,0.179,0.5297954768711162,0.2021,0.0346,0.0073,0.0031,0.0002,0.0003,0.005,0.20525496339918312,0.20525496339918312
12000.0,0.25,0.474,319.0,0.183,0.4716934778549739,0.1527,0.041100000000000005,0.0101,0.011000000000000001,0.0001,0.0013,0.005,0.1589220249052975,0.1589220249052975
12000.0,0.4,0.296,319.0,0.076,0.29480842365935866,0.1558,0.045899999999999996,0.0105,0.0273,0.0002,0.0005,0.005,0.1651099027920494,0.1651099027920494
12000.0,0.65,0.182,319.0,0.016,0.18142056840575918,0.3362,0.1857,0.0359,0.0217,0.0001,0.0069,0.005,0.3864547192104141,0.3864547192104141
20000.0,0.4,0.554,301.0,0.146,0.5518702884074127,0.3165,0.0766,0.0129,0.016,0.0001,0.0051,0.005,0.32636366219295926,0.32636366219295926
20000.0,0.4,0.494,319.0,0.059,0.4913473727655978,0.35200000000000004,0.0796,0.024900000000000002,0.0021,0.0001,0.0003,0.005,0.3617867880395856,0.3617867880395856
20000.0,0.65,0.304,319.0,0.014,0.3023676140095986,0.5008,0.2803,0.0407,0.0764,0.0001,0.0023,0.005,0.5804243964548699,0.5804243964548699
0.15,3.31e-06,0.502,301.0,0.207,0.500184551426658,0.015300000000000001,0.0078000000000000005,0.021,0.0131,0.0019,0.0034000000000000002,0.005,0.0307848988954,0.0307848988954
0.15,4.14e-06,0.402,301.0,0.19,0.399906006092328,0.0197,0.0083,0.0232,0.008199999999999999,0.0011,0.0017000000000000001,0.005,0.033038765110094535,0.033038765110094535
0.15,5.02e-06,0.295,319.0,0.187,0.2936338881069309,0.0379,0.015,0.0359,0.013300000000000001,0.0024,0.0032,0.005,0.056285966279348884,0.056285966279348884
500.0,0.65,0.008,319.0,0.027,0.007559190350239966,0.19260000000000002,0.105,0.021,0.0036,0.0001,0.0096,0.005,0.22066012326652953,0.22066012326652953
0.2,4.41e-06,0.503,301.0,0.247,0.5005626198706692,0.016200000000000003,0.0074,0.0197,0.0115,0.0036,0.0017000000000000001,0.005,0.029637644980666056,0.029637644980666056
0.2,5.52e-06,0.402,301.0,0.24,0.39990600609232807,0.0148,0.006500000000000001,0.0184,0.0118,0.0004,0.003,0.005,0.027807373122968666,0.027807373122968666
0.2,6.69e-06,0.295,319.0,0.229,0.293780192983915,0.0165,0.0078000000000000005,0.0163,0.0086,0.0024,0.001,0.005,0.02654241887997399,0.02654241887997399
0.2,8.49e-06,0.233,319.0,0.225,0.23149463970110618,0.0161,0.0060999999999999995,0.0213,0.0106,0.0019,0.0027,0.005,0.029972821021718995,0.029972821021718995
0.2,1.1e-05,0.18,319.0,0.209,0.17867177191476288,0.0278,0.015,0.0279,0.0095,0.0021,0.0026,0.005,0.043619605683683116,0.043619605683683116
0.2,3.98e-05,0.05,319.0,0.211,0.04938164550408019,0.1492,0.11939999999999999,0.051699999999999996,0.0054,0.031,0.046,0.005,0.20572080594825595,0.20572080594825595
0.2,0.000251,0.008,319.0,0.181,0.007830237016184826,0.13449999999999998,0.0617,0.0296,0.0003,0.0123,0.0259,0.005,0.15368958975805744,0.15368958975805744
0.25,5.52e-06,0.502,301.0,0.291,0.4998825076154101,0.0179,0.0092,0.0187,0.0127,0.0027,0.0028000000000000004,0.005,0.030921836944140302,0.030921836944140302
0.25,6.9e-06,0.402,301.0,0.281,0.39990600609232807,0.015600000000000001,0.0079,0.0184,0.0118,0.0002,0.0021,0.005,0.02851350557192153,0.02851350557192153
0.25,8.36e-06,0.295,319.0,0.269,0.29386804591243887,0.014499999999999999,0.0073,0.018500000000000003,0.011699999999999999,0.0023,0.0027,0.005,0.027933134446388216,0.027933134446388216
0.25,1.06e-05,0.233,319.0,0.262,0.23176762866301784,0.0129,0.0066,0.0177,0.0116,0.0032,0.0021,0.005,0.026409657324547017,0.026409657324547017
0.25,1.38e-05,0.179,319.0,0.251,0.17802441042231804,0.0126,0.0070999999999999995,0.0178,0.012199999999999999,0.0028000000000000004,0.0040999999999999995,0.005,0.026916537667389537,0.026916537667389537
0.25,2.3e-05,0.107,319.0,0.245,0.10681464625339084,0.013999999999999999,0.015,0.0233,0.0192,0.0018,0.0196,0.005,0.04177235928218563,0.04177235928218563
0.25,3.98e-05,0.062,319.0,0.237,0.06172705688010023,0.0332,0.0154,0.0274,0.0079,0.0067,0.0096,0.005,0.048110497814926004,0.048110497814926004
0.25,0.00011,0.022,319.0,0.2,0.022333971489345354,0.0395,0.015,0.0245,0.008100000000000001,0.0017000000000000001,0.0004,0.005,0.04979116387472782,0.04979116387472782
0.25,0.000251,0.01,319.0,0.196,0.009787796270231033,0.0374,0.0144,0.0323,0.0017000000000000001,0.0025,0.0058,0.005,0.05212667263503398,0.05212667263503398
0.25,0.000394,0.006,319.0,0.195,0.00623537275083246,0.0415,0.015,0.0358,0.0149,0.0022,0.0079,0.005,0.059524364759315156,0.059524364759315156
0.25,0.00158,0.002,301.0,0.199,0.001746424963314597,0.1097,0.0529,0.0236,0.0014000000000000002,0.0017000000000000001,0.026699999999999998,0.005,0.12701259780037572,0.12701259780037572
0.35,6.62e-06,0.586,301.0,0.351,0.583548643331101,0.0207,0.0091,0.018799999999999997,0.012,0.0040999999999999995,0.0033,0.005,0.032579748310875574,0.032579748310875574
0.35,8.28e-06,0.469,301.0,0.344,0.466557007107716,0.0182,0.009300000000000001,0.019,0.0125,0.0007000000000000001,0.0021,0.005,0.031062517605628816,0.031062517605628816
0.35,1e-05,0.346,319.0,0.353,0.3439431609359184,0.016200000000000003,0.0079,0.0173,0.012,0.0028000000000000004,0.0029,0.005,0.028449780315496286,0.028449780315496286
0.35,1.27e-05,0.272,319.0,0.329,0.2708213865637153,0.0143,0.0079,0.018000000000000002,0.0116,0.0029,0.002,0.005,0.027620101375628585,0.027620101375628585
0.35,1.65e-05,0.21,319.0,0.317,0.20845040056722328,0.0121,0.0063,0.0182,0.012,0.0028000000000000004,0.0026,0.005,0.026475271481138773,0.026475271481138773
0.35,3.2e-05,0.108,319.0,0.299,0.10748223779247452,0.011399999999999999,0.0072,0.025099999999999997,0.0225,0.0039000000000000003,0.020499999999999997,0.005,0.042172502889916315,0.042172502889916315
0.35,6.62e-05,0.052,319.0,0.284,0.051955160262223334,0.0262,0.015,0.0165,0.0045000000000000005,0.0024,0.0018,0.005,0.03518437153055317,0.03518437153055317
0.35,0.00013,0.027,319.0,0.259,0.026457166225839886,0.0252,0.0143,0.0146,0.0075,0.0033,0.0006,0.005,0.033840656022009974,0.033840656022009974
0.35,0.00022,0.016,319.0,0.242,0.015633780042541748,0.026699999999999998,0.015,0.0195,0.0111,0.0034000000000000002,0.0016,0.005,0.03847687617257929,0.03847687617257929
0.35,0.0005,0.007,319.0,0.242,0.00687886321871837,0.025099999999999997,0.014199999999999999,0.0175,0.0131,0.0025,0.011200000000000002,0.005,0.038290991107569936,0.038290991107569936
0.35,0.00251,0.001,319.0,0.202,0.0013702914778323445,0.09970000000000001,0.0455,0.0147,0.0034999999999999996,0.0016,0.0077,0.005,0.11102040353016199,0.11102040353016199
0.4,8.83e-06,0.502,301.0,0.365,0.49999573128644414,0.038599999999999995,0.015,0.0256,0.0129,0.0052,0.0016,0.005,0.05090510779872683,0.05090510779872683
0.4,1.1e-05,0.403,301.0,0.378,0.40136020975084563,0.0218,0.0088,0.022000000000000002,0.0148,0.0004,0.0022,0.005,0.03585693796185056,0.03585693796185056
0.4,1.33e-05,0.297,319.0,0.36,0.2955472918890814,0.0197,0.0088,0.019799999999999998,0.0134,0.0027,0.0029,0.005,0.03283032135084882,0.03283032135084882
0.4,1.7e-05,0.233,319.0,0.357,0.23122229306616368,0.0166,0.0083,0.0181,0.0118,0.0031,0.0009,0.005,0.029098453567157137,0.029098453567157137
0.4,2.2e-05,0.18,319.0,0.337,0.17867177191476288,0.014499999999999999,0.0078000000000000005,0.018000000000000002,0.0125,0.0032,0.0042,0.005,0.028358772893057275,0.028358772893057275
0.4,3.68e-05,0.107,319.0,0.333,0.10681464625339084,0.0126,0.0077,0.024900000000000002,0.0227,0.0033,0.021400000000000002,0.005,0.0429790646710698,0.0429790646710698
0.4,8.83e-05,0.045,319.0,0.321,0.044516183263021314,0.0271,0.015,0.0149,0.0098,0.0026,0.0040999999999999995,0.005,0.03641469483601366,0.03641469483601366
0.4,0.000176,0.022,319.0,0.288,0.02233397148934536,0.0278,0.015,0.017,0.0072,0.0032,0.0022,0.005,0.03713165765219754,0.03713165765219754
0.4,0.000294,0.013,319.0,0.277,0.013369996537839398,0.0274,0.015,0.0159,0.009899999999999999,0.0028000000000000004,0.0033,0.005,0.037017698469786045,0.037017698469786045
0.4,0.000631,0.006,319.0,0.261,0.006229443711766692,0.0274,0.015,0.02,0.0128,0.0028000000000000004,0.0038,0.005,0.039835662414474796,0.039835662414474796
